ticker,price,rsi,signal
MMM,"Ticker
MMM    162.68
Name: 2026-01-23 00:00:00, dtype: float64","Ticker
    51.13
Name: 2026-01-23 00:00:00, dtype: float64",HOLD
AOS,"Ticker
AOS    72.46
Name: 2026-01-23 00:00:00, dtype: float64","Ticker
    65.71
Name: 2026-01-23 00:00:00, dtype: float64",HOLD
ABT,"Ticker
ABT    107.42
Name: 2026-01-23 00:00:00, dtype: float64","Ticker
    17.29
Name: 2026-01-23 00:00:00, dtype: float64",HOLD
ABBV,"Ticker
ABBV    219.26
Name: 2026-01-23 00:00:00, dtype: float64","Ticker
    41.54
Name: 2026-01-23 00:00:00, dtype: float64",HOLD
ACN,"Ticker
ACN    281.07
Name: 2026-01-23 00:00:00, dtype: float64","Ticker
    64.02
Name: 2026-01-23 00:00:00, dtype: float64",HOLD
ADBE,"Ticker
ADBE    301.07
Name: 2026-01-23 00:00:00, dtype: float64","Ticker
    26.51
Name: 2026-01-23 00:00:00, dtype: float64",HOLD
AMD,"Ticker
AMD    259.68
Name: 2026-01-23 00:00:00, dtype: float64","Ticker
    73.57
Name: 2026-01-23 00:00:00, dtype: float64",HOLD
AES,"Ticker
AES    14.25
Name: 2026-01-23 00:00:00, dtype: float64","Ticker
    42.36
Name: 2026-01-23 00:00:00, dtype: float64",HOLD
AFL,"Ticker
AFL    107.09
Name: 2026-01-23 00:00:00, dtype: float64","Ticker
    36.46
Name: 2026-01-23 00:00:00, dtype: float64",HOLD
A,"Ticker
A    135.05
Name: 2026-01-23 00:00:00, dtype: float64","Ticker
    46.34
Name: 2026-01-23 00:00:00, dtype: float64",HOLD
APD,"Ticker
APD    261.35
Name: 2026-01-23 00:00:00, dtype: float64","Ticker
    63.43
Name: 2026-01-23 00:00:00, dtype: float64",HOLD
ABNB,"Ticker
ABNB    132.15
Name: 2026-01-23 00:00:00, dtype: float64","Ticker
    48.26
Name: 2026-01-23 00:00:00, dtype: float64",HOLD
AKAM,"Ticker
AKAM    95.08
Name: 2026-01-23 00:00:00, dtype: float64","Ticker
    65.33
Name: 2026-01-23 00:00:00, dtype: float64",HOLD
ALB,"Ticker
ALB    189.51
Name: 2026-01-23 00:00:00, dtype: float64","Ticker
    78.09
Name: 2026-01-23 00:00:00, dtype: float64",HOLD
ARE,"Ticker
ARE    59.69
Name: 2026-01-23 00:00:00, dtype: float64","Ticker
    92.61
Name: 2026-01-23 00:00:00, dtype: float64",HOLD
ALGN,"Ticker
ALGN    168.73
Name: 2026-01-23 00:00:00, dtype: float64","Ticker
    67.72
Name: 2026-01-23 00:00:00, dtype: float64",HOLD
ALLE,"Ticker
ALLE    166.8
Name: 2026-01-23 00:00:00, dtype: float64","Ticker
    63.65
Name: 2026-01-23 00:00:00, dtype: float64",HOLD
LNT,"Ticker
LNT    66.83
Name: 2026-01-23 00:00:00, dtype: float64","Ticker
    59.42
Name: 2026-01-23 00:00:00, dtype: float64",HOLD
ALL,"Ticker
ALL    193.65
Name: 2026-01-23 00:00:00, dtype: float64","Ticker
    35.15
Name: 2026-01-23 00:00:00, dtype: float64",HOLD
GOOGL,"Ticker
GOOGL    327.93
Name: 2026-01-23 00:00:00, dtype: float64","Ticker
    62.69
Name: 2026-01-23 00:00:00, dtype: float64",HOLD
GOOG,"Ticker
GOOG    328.43
Name: 2026-01-23 00:00:00, dtype: float64","Ticker
    62.6
Name: 2026-01-23 00:00:00, dtype: float64",HOLD
MO,"Ticker
MO    61.91
Name: 2026-01-23 00:00:00, dtype: float64","Ticker
    70.46
Name: 2026-01-23 00:00:00, dtype: float64",HOLD
AMZN,"Ticker
AMZN    239.16
Name: 2026-01-23 00:00:00, dtype: float64","Ticker
    62.57
Name: 2026-01-23 00:00:00, dtype: float64",HOLD
AMCR,"Ticker
AMCR    44.28
Name: 2026-01-23 00:00:00, dtype: float64","Ticker
    60.16
Name: 2026-01-23 00:00:00, dtype: float64",HOLD
AEE,"Ticker
AEE    102.32
Name: 2026-01-23 00:00:00, dtype: float64","Ticker
    56.51
Name: 2026-01-23 00:00:00, dtype: float64",HOLD
AEP,"Ticker
AEP    116.63
Name: 2026-01-23 00:00:00, dtype: float64","Ticker
    52.86
Name: 2026-01-23 00:00:00, dtype: float64",HOLD
AXP,"Ticker
AXP    361.69
Name: 2026-01-23 00:00:00, dtype: float64","Ticker
    43.81
Name: 2026-01-23 00:00:00, dtype: float64",HOLD
AIG,"Ticker
AIG    72.32
Name: 2026-01-23 00:00:00, dtype: float64","Ticker
    17.12
Name: 2026-01-23 00:00:00, dtype: float64",HOLD
AMT,"Ticker
AMT    178.75
Name: 2026-01-23 00:00:00, dtype: float64","Ticker
    55.6
Name: 2026-01-23 00:00:00, dtype: float64",HOLD
AWK,"Ticker
AWK    129.71
Name: 2026-01-23 00:00:00, dtype: float64","Ticker
    48.45
Name: 2026-01-23 00:00:00, dtype: float64",HOLD
AMP,"Ticker
AMP    496.6
Name: 2026-01-23 00:00:00, dtype: float64","Ticker
    51.25
Name: 2026-01-23 00:00:00, dtype: float64",HOLD
AME,"Ticker
AME    220.74
Name: 2026-01-23 00:00:00, dtype: float64","Ticker
    69.21
Name: 2026-01-23 00:00:00, dtype: float64",HOLD
AMGN,"Ticker
AMGN    344.75
Name: 2026-01-23 00:00:00, dtype: float64","Ticker
    62.17
Name: 2026-01-23 00:00:00, dtype: float64",HOLD
APH,"Ticker
APH    150.99
Name: 2026-01-23 00:00:00, dtype: float64","Ticker
    65.11
Name: 2026-01-23 00:00:00, dtype: float64",HOLD
ADI,"Ticker
ADI    305.6
Name: 2026-01-23 00:00:00, dtype: float64","Ticker
    74.58
Name: 2026-01-23 00:00:00, dtype: float64",HOLD
AON,"Ticker
AON    338.69
Name: 2026-01-23 00:00:00, dtype: float64","Ticker
    42.83
Name: 2026-01-23 00:00:00, dtype: float64",HOLD
APA,"Ticker
APA    25.8
Name: 2026-01-23 00:00:00, dtype: float64","Ticker
    53.53
Name: 2026-01-23 00:00:00, dtype: float64",HOLD
APO,"Ticker
APO    136.31
Name: 2026-01-23 00:00:00, dtype: float64","Ticker
    33.0
Name: 2026-01-23 00:00:00, dtype: float64",HOLD
AAPL,"Ticker
AAPL    248.04
Name: 2026-01-23 00:00:00, dtype: float64","Ticker
    12.08
Name: 2026-01-23 00:00:00, dtype: float64",HOLD
AMAT,"Ticker
AMAT    322.38
Name: 2026-01-23 00:00:00, dtype: float64","Ticker
    71.68
Name: 2026-01-23 00:00:00, dtype: float64",HOLD
APP,"Ticker
APP    524.41
Name: 2026-01-23 00:00:00, dtype: float64","Ticker
    32.19
Name: 2026-01-23 00:00:00, dtype: float64",HOLD
APTV,"Ticker
APTV    76.47
Name: 2026-01-23 00:00:00, dtype: float64","Ticker
    46.96
Name: 2026-01-23 00:00:00, dtype: float64",HOLD
ACGL,"Ticker
ACGL    92.96
Name: 2026-01-23 00:00:00, dtype: float64","Ticker
    46.44
Name: 2026-01-23 00:00:00, dtype: float64",HOLD
ADM,"Ticker
ADM    67.51
Name: 2026-01-23 00:00:00, dtype: float64","Ticker
    75.89
Name: 2026-01-23 00:00:00, dtype: float64",HOLD
ARES,"Ticker
ARES    155.89
Name: 2026-01-23 00:00:00, dtype: float64","Ticker
    37.47
Name: 2026-01-23 00:00:00, dtype: float64",HOLD
ANET,"Ticker
ANET    136.34
Name: 2026-01-23 00:00:00, dtype: float64","Ticker
    52.65
Name: 2026-01-23 00:00:00, dtype: float64",HOLD
AJG,"Ticker
AJG    253.21
Name: 2026-01-23 00:00:00, dtype: float64","Ticker
    46.51
Name: 2026-01-23 00:00:00, dtype: float64",HOLD
AIZ,"Ticker
AIZ    233.39
Name: 2026-01-23 00:00:00, dtype: float64","Ticker
    43.22
Name: 2026-01-23 00:00:00, dtype: float64",HOLD
T,"Ticker
T    23.59
Name: 2026-01-23 00:00:00, dtype: float64","Ticker
    36.68
Name: 2026-01-23 00:00:00, dtype: float64",HOLD
ATO,"Ticker
ATO    165.34
Name: 2026-01-23 00:00:00, dtype: float64","Ticker
    36.91
Name: 2026-01-23 00:00:00, dtype: float64",HOLD
ADSK,"Ticker
ADSK    270.0
Name: 2026-01-23 00:00:00, dtype: float64","Ticker
    38.95
Name: 2026-01-23 00:00:00, dtype: float64",HOLD
ADP,"Ticker
ADP    257.87
Name: 2026-01-23 00:00:00, dtype: float64","Ticker
    56.64
Name: 2026-01-23 00:00:00, dtype: float64",HOLD
AZO,"Ticker
AZO    3700.0
Name: 2026-01-23 00:00:00, dtype: float64","Ticker
    81.08
Name: 2026-01-23 00:00:00, dtype: float64",HOLD
AVB,"Ticker
AVB    178.77
Name: 2026-01-23 00:00:00, dtype: float64","Ticker
    47.43
Name: 2026-01-23 00:00:00, dtype: float64",HOLD
AVY,"Ticker
AVY    187.43
Name: 2026-01-23 00:00:00, dtype: float64","Ticker
    59.28
Name: 2026-01-23 00:00:00, dtype: float64",HOLD
AXON,"Ticker
AXON    613.14
Name: 2026-01-23 00:00:00, dtype: float64","Ticker
    65.39
Name: 2026-01-23 00:00:00, dtype: float64",HOLD
BKR,"Ticker
BKR    53.92
Name: 2026-01-23 00:00:00, dtype: float64","Ticker
    72.72
Name: 2026-01-23 00:00:00, dtype: float64",HOLD
BALL,"Ticker
BALL    57.36
Name: 2026-01-23 00:00:00, dtype: float64","Ticker
    76.56
Name: 2026-01-23 00:00:00, dtype: float64",HOLD
BAC,"Ticker
BAC    51.72
Name: 2026-01-23 00:00:00, dtype: float64","Ticker
    28.08
Name: 2026-01-23 00:00:00, dtype: float64",HOLD
BAX,"Ticker
BAX    19.84
Name: 2026-01-23 00:00:00, dtype: float64","Ticker
    52.87
Name: 2026-01-23 00:00:00, dtype: float64",HOLD
BDX,"Ticker
BDX    201.79
Name: 2026-01-23 00:00:00, dtype: float64","Ticker
    58.97
Name: 2026-01-23 00:00:00, dtype: float64",HOLD
BRK-B,"Ticker
BRK-B    478.97
Name: 2026-01-23 00:00:00, dtype: float64","Ticker
    22.27
Name: 2026-01-23 00:00:00, dtype: float64",HOLD
BBY,"Ticker
BBY    67.05
Name: 2026-01-23 00:00:00, dtype: float64","Ticker
    44.69
Name: 2026-01-23 00:00:00, dtype: float64",HOLD
TECH,"Ticker
TECH    68.16
Name: 2026-01-23 00:00:00, dtype: float64","Ticker
    72.01
Name: 2026-01-23 00:00:00, dtype: float64",HOLD
BIIB,"Ticker
BIIB    171.59
Name: 2026-01-23 00:00:00, dtype: float64","Ticker
    44.1
Name: 2026-01-23 00:00:00, dtype: float64",HOLD
BLK,"Ticker
BLK    1129.91
Name: 2026-01-23 00:00:00, dtype: float64","Ticker
    58.44
Name: 2026-01-23 00:00:00, dtype: float64",HOLD
BX,"Ticker
BX    150.48
Name: 2026-01-23 00:00:00, dtype: float64","Ticker
    40.69
Name: 2026-01-23 00:00:00, dtype: float64",HOLD
XYZ,"Ticker
XYZ    66.83
Name: 2026-01-23 00:00:00, dtype: float64","Ticker
    53.68
Name: 2026-01-23 00:00:00, dtype: float64",HOLD
BK,"Ticker
BK    117.61
Name: 2026-01-23 00:00:00, dtype: float64","Ticker
    51.43
Name: 2026-01-23 00:00:00, dtype: float64",HOLD
BA,"Ticker
BA    252.15
Name: 2026-01-23 00:00:00, dtype: float64","Ticker
    86.61
Name: 2026-01-23 00:00:00, dtype: float64",HOLD
BKNG,"Ticker
BKNG    5098.5
Name: 2026-01-23 00:00:00, dtype: float64","Ticker
    37.34
Name: 2026-01-23 00:00:00, dtype: float64",HOLD
BSX,"Ticker
BSX    92.51
Name: 2026-01-23 00:00:00, dtype: float64","Ticker
    44.44
Name: 2026-01-23 00:00:00, dtype: float64",HOLD
BMY,"Ticker
BMY    54.65
Name: 2026-01-23 00:00:00, dtype: float64","Ticker
    55.91
Name: 2026-01-23 00:00:00, dtype: float64",HOLD
AVGO,"Ticker
AVGO    320.05
Name: 2026-01-23 00:00:00, dtype: float64","Ticker
    35.67
Name: 2026-01-23 00:00:00, dtype: float64",HOLD
BR,"Ticker
BR    207.54
Name: 2026-01-23 00:00:00, dtype: float64","Ticker
    29.34
Name: 2026-01-23 00:00:00, dtype: float64",HOLD
BRO,"Ticker
BRO    79.18
Name: 2026-01-23 00:00:00, dtype: float64","Ticker
    56.77
Name: 2026-01-23 00:00:00, dtype: float64",HOLD
BF-B,"Ticker
BF-B    27.57
Name: 2026-01-23 00:00:00, dtype: float64","Ticker
    60.14
Name: 2026-01-23 00:00:00, dtype: float64",HOLD
BLDR,"Ticker
BLDR    122.36
Name: 2026-01-23 00:00:00, dtype: float64","Ticker
    66.69
Name: 2026-01-23 00:00:00, dtype: float64",HOLD
BG,"Ticker
BG    113.6
Name: 2026-01-23 00:00:00, dtype: float64","Ticker
    89.49
Name: 2026-01-23 00:00:00, dtype: float64",HOLD
BXP,"Ticker
BXP    65.49
Name: 2026-01-23 00:00:00, dtype: float64","Ticker
    40.36
Name: 2026-01-23 00:00:00, dtype: float64",HOLD
CHRW,"Ticker
CHRW    176.66
Name: 2026-01-23 00:00:00, dtype: float64","Ticker
    75.63
Name: 2026-01-23 00:00:00, dtype: float64",HOLD
CDNS,"Ticker
CDNS    318.32
Name: 2026-01-23 00:00:00, dtype: float64","Ticker
    54.65
Name: 2026-01-23 00:00:00, dtype: float64",HOLD
CPT,"Ticker
CPT    107.86
Name: 2026-01-23 00:00:00, dtype: float64","Ticker
    44.34
Name: 2026-01-23 00:00:00, dtype: float64",HOLD
CPB,"Ticker
CPB    26.79
Name: 2026-01-23 00:00:00, dtype: float64","Ticker
    45.68
Name: 2026-01-23 00:00:00, dtype: float64",HOLD
COF,"Ticker
COF    217.3
Name: 2026-01-23 00:00:00, dtype: float64","Ticker
    31.7
Name: 2026-01-23 00:00:00, dtype: float64",HOLD
CAH,"Ticker
CAH    208.33
Name: 2026-01-23 00:00:00, dtype: float64","Ticker
    54.18
Name: 2026-01-23 00:00:00, dtype: float64",HOLD
CCL,"Ticker
CCL    28.55
Name: 2026-01-23 00:00:00, dtype: float64","Ticker
    33.24
Name: 2026-01-23 00:00:00, dtype: float64",HOLD
CARR,"Ticker
CARR    57.3
Name: 2026-01-23 00:00:00, dtype: float64","Ticker
    68.27
Name: 2026-01-23 00:00:00, dtype: float64",HOLD
CVNA,"Ticker
CVNA    473.31
Name: 2026-01-23 00:00:00, dtype: float64","Ticker
    73.3
Name: 2026-01-23 00:00:00, dtype: float64",HOLD
CAT,"Ticker
CAT    626.62
Name: 2026-01-23 00:00:00, dtype: float64","Ticker
    59.28
Name: 2026-01-23 00:00:00, dtype: float64",HOLD
CBOE,"Ticker
CBOE    276.39
Name: 2026-01-23 00:00:00, dtype: float64","Ticker
    88.18
Name: 2026-01-23 00:00:00, dtype: float64",HOLD
CBRE,"Ticker
CBRE    169.23
Name: 2026-01-23 00:00:00, dtype: float64","Ticker
    64.79
Name: 2026-01-23 00:00:00, dtype: float64",HOLD
CDW,"Ticker
CDW    126.0
Name: 2026-01-23 00:00:00, dtype: float64","Ticker
    37.66
Name: 2026-01-23 00:00:00, dtype: float64",HOLD
COR,"Ticker
COR    353.48
Name: 2026-01-23 00:00:00, dtype: float64","Ticker
    66.26
Name: 2026-01-23 00:00:00, dtype: float64",HOLD
CNC,"Ticker
CNC    46.09
Name: 2026-01-23 00:00:00, dtype: float64","Ticker
    70.2
Name: 2026-01-23 00:00:00, dtype: float64",HOLD
CNP,"Ticker
CNP    38.78
Name: 2026-01-23 00:00:00, dtype: float64","Ticker
    50.52
Name: 2026-01-23 00:00:00, dtype: float64",HOLD
CF,"Ticker
CF    92.38
Name: 2026-01-23 00:00:00, dtype: float64","Ticker
    72.97
Name: 2026-01-23 00:00:00, dtype: float64",HOLD
CRL,"Ticker
CRL    219.61
Name: 2026-01-23 00:00:00, dtype: float64","Ticker
    65.93
Name: 2026-01-23 00:00:00, dtype: float64",HOLD
SCHW,"Ticker
SCHW    102.18
Name: 2026-01-23 00:00:00, dtype: float64","Ticker
    51.64
Name: 2026-01-23 00:00:00, dtype: float64",HOLD
CHTR,"Ticker
CHTR    191.69
Name: 2026-01-23 00:00:00, dtype: float64","Ticker
    33.88
Name: 2026-01-23 00:00:00, dtype: float64",HOLD
CVX,"Ticker
CVX    166.72
Name: 2026-01-23 00:00:00, dtype: float64","Ticker
    66.73
Name: 2026-01-23 00:00:00, dtype: float64",HOLD
CMG,"Ticker
CMG    40.87
Name: 2026-01-23 00:00:00, dtype: float64","Ticker
    69.25
Name: 2026-01-23 00:00:00, dtype: float64",HOLD
CB,"Ticker
CB    300.91
Name: 2026-01-23 00:00:00, dtype: float64","Ticker
    37.09
Name: 2026-01-23 00:00:00, dtype: float64",HOLD
CHD,"Ticker
CHD    92.43
Name: 2026-01-23 00:00:00, dtype: float64","Ticker
    82.52
Name: 2026-01-23 00:00:00, dtype: float64",HOLD
CI,"Ticker
CI    279.2
Name: 2026-01-23 00:00:00, dtype: float64","Ticker
    50.08
Name: 2026-01-23 00:00:00, dtype: float64",HOLD
CINF,"Ticker
CINF    157.03
Name: 2026-01-23 00:00:00, dtype: float64","Ticker
    39.08
Name: 2026-01-23 00:00:00, dtype: float64",HOLD
CTAS,"Ticker
CTAS    192.96
Name: 2026-01-23 00:00:00, dtype: float64","Ticker
    71.47
Name: 2026-01-23 00:00:00, dtype: float64",HOLD
CSCO,"Ticker
CSCO    74.59
Name: 2026-01-23 00:00:00, dtype: float64","Ticker
    41.75
Name: 2026-01-23 00:00:00, dtype: float64",HOLD
C,"Ticker
C    113.59
Name: 2026-01-23 00:00:00, dtype: float64","Ticker
    42.19
Name: 2026-01-23 00:00:00, dtype: float64",HOLD
CFG,"Ticker
CFG    62.64
Name: 2026-01-23 00:00:00, dtype: float64","Ticker
    61.87
Name: 2026-01-23 00:00:00, dtype: float64",HOLD
CLX,"Ticker
CLX    113.48
Name: 2026-01-23 00:00:00, dtype: float64","Ticker
    86.91
Name: 2026-01-23 00:00:00, dtype: float64",HOLD
CME,"Ticker
CME    282.73
Name: 2026-01-23 00:00:00, dtype: float64","Ticker
    64.43
Name: 2026-01-23 00:00:00, dtype: float64",HOLD
CMS,"Ticker
CMS    70.7
Name: 2026-01-23 00:00:00, dtype: float64","Ticker
    52.08
Name: 2026-01-23 00:00:00, dtype: float64",HOLD
KO,"Ticker
KO    72.88
Name: 2026-01-23 00:00:00, dtype: float64","Ticker
    70.39
Name: 2026-01-23 00:00:00, dtype: float64",HOLD
CTSH,"Ticker
CTSH    84.18
Name: 2026-01-23 00:00:00, dtype: float64","Ticker
    58.86
Name: 2026-01-23 00:00:00, dtype: float64",HOLD
COIN,"Ticker
COIN    216.95
Name: 2026-01-23 00:00:00, dtype: float64","Ticker
    39.15
Name: 2026-01-23 00:00:00, dtype: float64",HOLD
CL,"Ticker
CL    86.66
Name: 2026-01-23 00:00:00, dtype: float64","Ticker
    89.44
Name: 2026-01-23 00:00:00, dtype: float64",HOLD
CMCSA,"Ticker
CMCSA    29.3
Name: 2026-01-23 00:00:00, dtype: float64","Ticker
    67.02
Name: 2026-01-23 00:00:00, dtype: float64",HOLD
FIX,"Ticker
FIX    1121.44
Name: 2026-01-23 00:00:00, dtype: float64","Ticker
    67.41
Name: 2026-01-23 00:00:00, dtype: float64",HOLD
CAG,"Ticker
CAG    17.5
Name: 2026-01-23 00:00:00, dtype: float64","Ticker
    52.38
Name: 2026-01-23 00:00:00, dtype: float64",HOLD
COP,"Ticker
COP    98.35
Name: 2026-01-23 00:00:00, dtype: float64","Ticker
    52.87
Name: 2026-01-23 00:00:00, dtype: float64",HOLD
ED,"Ticker
ED    103.87
Name: 2026-01-23 00:00:00, dtype: float64","Ticker
    64.59
Name: 2026-01-23 00:00:00, dtype: float64",HOLD
STZ,"Ticker
STZ    158.78
Name: 2026-01-23 00:00:00, dtype: float64","Ticker
    72.13
Name: 2026-01-23 00:00:00, dtype: float64",HOLD
CEG,"Ticker
CEG    289.06
Name: 2026-01-23 00:00:00, dtype: float64","Ticker
    22.86
Name: 2026-01-23 00:00:00, dtype: float64",HOLD
COO,"Ticker
COO    81.29
Name: 2026-01-23 00:00:00, dtype: float64","Ticker
    50.71
Name: 2026-01-23 00:00:00, dtype: float64",HOLD
CPRT,"Ticker
CPRT    41.4
Name: 2026-01-23 00:00:00, dtype: float64","Ticker
    78.23
Name: 2026-01-23 00:00:00, dtype: float64",HOLD
GLW,"Ticker
GLW    93.3
Name: 2026-01-23 00:00:00, dtype: float64","Ticker
    56.62
Name: 2026-01-23 00:00:00, dtype: float64",HOLD
CPAY,"Ticker
CPAY    320.52
Name: 2026-01-23 00:00:00, dtype: float64","Ticker
    60.79
Name: 2026-01-23 00:00:00, dtype: float64",HOLD
CTVA,"Ticker
CTVA    71.7
Name: 2026-01-23 00:00:00, dtype: float64","Ticker
    66.28
Name: 2026-01-23 00:00:00, dtype: float64",HOLD
CSGP,"Ticker
CSGP    65.6
Name: 2026-01-23 00:00:00, dtype: float64","Ticker
    49.8
Name: 2026-01-23 00:00:00, dtype: float64",HOLD
COST,"Ticker
COST    983.25
Name: 2026-01-23 00:00:00, dtype: float64","Ticker
    90.88
Name: 2026-01-23 00:00:00, dtype: float64",HOLD
CTRA,"Ticker
CTRA    27.42
Name: 2026-01-23 00:00:00, dtype: float64","Ticker
    58.04
Name: 2026-01-23 00:00:00, dtype: float64",HOLD
CRH,"Ticker
CRH    122.84
Name: 2026-01-23 00:00:00, dtype: float64","Ticker
    44.84
Name: 2026-01-23 00:00:00, dtype: float64",HOLD
CRWD,"Ticker
CRWD    452.49
Name: 2026-01-23 00:00:00, dtype: float64","Ticker
    49.39
Name: 2026-01-23 00:00:00, dtype: float64",HOLD
CCI,"Ticker
CCI    86.6
Name: 2026-01-23 00:00:00, dtype: float64","Ticker
    44.18
Name: 2026-01-23 00:00:00, dtype: float64",HOLD
CSX,"Ticker
CSX    36.64
Name: 2026-01-23 00:00:00, dtype: float64","Ticker
    52.87
Name: 2026-01-23 00:00:00, dtype: float64",HOLD
CMI,"Ticker
CMI    571.78
Name: 2026-01-23 00:00:00, dtype: float64","Ticker
    70.98
Name: 2026-01-23 00:00:00, dtype: float64",HOLD
CVS,"Ticker
CVS    83.01
Name: 2026-01-23 00:00:00, dtype: float64","Ticker
    62.54
Name: 2026-01-23 00:00:00, dtype: float64",HOLD
DHR,"Ticker
DHR    235.01
Name: 2026-01-23 00:00:00, dtype: float64","Ticker
    55.78
Name: 2026-01-23 00:00:00, dtype: float64",HOLD
DRI,"Ticker
DRI    206.17
Name: 2026-01-23 00:00:00, dtype: float64","Ticker
    72.14
Name: 2026-01-23 00:00:00, dtype: float64",HOLD
DDOG,"Ticker
DDOG    130.13
Name: 2026-01-23 00:00:00, dtype: float64","Ticker
    46.35
Name: 2026-01-23 00:00:00, dtype: float64",HOLD
DVA,"Ticker
DVA    108.12
Name: 2026-01-23 00:00:00, dtype: float64","Ticker
    37.49
Name: 2026-01-23 00:00:00, dtype: float64",HOLD
DAY,"Ticker
DAY    69.42
Name: 2026-01-23 00:00:00, dtype: float64","Ticker
    56.3
Name: 2026-01-23 00:00:00, dtype: float64",HOLD
DECK,"Ticker
DECK    99.98
Name: 2026-01-23 00:00:00, dtype: float64","Ticker
    38.39
Name: 2026-01-23 00:00:00, dtype: float64",HOLD
DE,"Ticker
DE    514.43
Name: 2026-01-23 00:00:00, dtype: float64","Ticker
    67.14
Name: 2026-01-23 00:00:00, dtype: float64",HOLD
DELL,"Ticker
DELL    115.43
Name: 2026-01-23 00:00:00, dtype: float64","Ticker
    31.48
Name: 2026-01-23 00:00:00, dtype: float64",HOLD
DAL,"Ticker
DAL    67.96
Name: 2026-01-23 00:00:00, dtype: float64","Ticker
    46.97
Name: 2026-01-23 00:00:00, dtype: float64",HOLD
DVN,"Ticker
DVN    38.64
Name: 2026-01-23 00:00:00, dtype: float64","Ticker
    53.28
Name: 2026-01-23 00:00:00, dtype: float64",HOLD
DXCM,"Ticker
DXCM    72.86
Name: 2026-01-23 00:00:00, dtype: float64","Ticker
    68.24
Name: 2026-01-23 00:00:00, dtype: float64",HOLD
FANG,"Ticker
FANG    154.02
Name: 2026-01-23 00:00:00, dtype: float64","Ticker
    52.14
Name: 2026-01-23 00:00:00, dtype: float64",HOLD
DLR,"Ticker
DLR    159.16
Name: 2026-01-23 00:00:00, dtype: float64","Ticker
    57.98
Name: 2026-01-23 00:00:00, dtype: float64",HOLD
DG,"Ticker
DG    146.92
Name: 2026-01-23 00:00:00, dtype: float64","Ticker
    66.96
Name: 2026-01-23 00:00:00, dtype: float64",HOLD
DLTR,"Ticker
DLTR    128.92
Name: 2026-01-23 00:00:00, dtype: float64","Ticker
    51.77
Name: 2026-01-23 00:00:00, dtype: float64",HOLD
D,"Ticker
D    59.6
Name: 2026-01-23 00:00:00, dtype: float64","Ticker
    52.31
Name: 2026-01-23 00:00:00, dtype: float64",HOLD
DPZ,"Ticker
DPZ    411.5
Name: 2026-01-23 00:00:00, dtype: float64","Ticker
    42.24
Name: 2026-01-23 00:00:00, dtype: float64",HOLD
DASH,"Ticker
DASH    207.23
Name: 2026-01-23 00:00:00, dtype: float64","Ticker
    35.64
Name: 2026-01-23 00:00:00, dtype: float64",HOLD
DOV,"Ticker
DOV    206.71
Name: 2026-01-23 00:00:00, dtype: float64","Ticker
    65.38
Name: 2026-01-23 00:00:00, dtype: float64",HOLD
DOW,"Ticker
DOW    28.25
Name: 2026-01-23 00:00:00, dtype: float64","Ticker
    71.87
Name: 2026-01-23 00:00:00, dtype: float64",HOLD
DHI,"Ticker
DHI    150.51
Name: 2026-01-23 00:00:00, dtype: float64","Ticker
    54.51
Name: 2026-01-23 00:00:00, dtype: float64",HOLD
DTE,"Ticker
DTE    134.33
Name: 2026-01-23 00:00:00, dtype: float64","Ticker
    62.31
Name: 2026-01-23 00:00:00, dtype: float64",HOLD
DUK,"Ticker
DUK    117.43
Name: 2026-01-23 00:00:00, dtype: float64","Ticker
    49.95
Name: 2026-01-23 00:00:00, dtype: float64",HOLD
DD,"Ticker
DD    44.14
Name: 2026-01-23 00:00:00, dtype: float64","Ticker
    69.3
Name: 2026-01-23 00:00:00, dtype: float64",HOLD
ETN,"Ticker
ETN    331.22
Name: 2026-01-23 00:00:00, dtype: float64","Ticker
    52.91
Name: 2026-01-23 00:00:00, dtype: float64",HOLD
EBAY,"Ticker
EBAY    93.61
Name: 2026-01-23 00:00:00, dtype: float64","Ticker
    65.94
Name: 2026-01-23 00:00:00, dtype: float64",HOLD
ECL,"Ticker
ECL    281.9
Name: 2026-01-23 00:00:00, dtype: float64","Ticker
    76.93
Name: 2026-01-23 00:00:00, dtype: float64",HOLD
EIX,"Ticker
EIX    60.77
Name: 2026-01-23 00:00:00, dtype: float64","Ticker
    53.27
Name: 2026-01-23 00:00:00, dtype: float64",HOLD
EW,"Ticker
EW    83.66
Name: 2026-01-23 00:00:00, dtype: float64","Ticker
    44.01
Name: 2026-01-23 00:00:00, dtype: float64",HOLD
EA,"Ticker
EA    204.0
Name: 2026-01-23 00:00:00, dtype: float64","Ticker
    40.97
Name: 2026-01-23 00:00:00, dtype: float64",HOLD
ELV,"Ticker
ELV    371.06
Name: 2026-01-23 00:00:00, dtype: float64","Ticker
    61.88
Name: 2026-01-23 00:00:00, dtype: float64",HOLD
EME,"Ticker
EME    694.21
Name: 2026-01-23 00:00:00, dtype: float64","Ticker
    65.46
Name: 2026-01-23 00:00:00, dtype: float64",HOLD
EMR,"Ticker
EMR    147.68
Name: 2026-01-23 00:00:00, dtype: float64","Ticker
    68.13
Name: 2026-01-23 00:00:00, dtype: float64",HOLD
ETR,"Ticker
ETR    93.19
Name: 2026-01-23 00:00:00, dtype: float64","Ticker
    47.72
Name: 2026-01-23 00:00:00, dtype: float64",HOLD
EOG,"Ticker
EOG    108.33
Name: 2026-01-23 00:00:00, dtype: float64","Ticker
    54.16
Name: 2026-01-23 00:00:00, dtype: float64",HOLD
EPAM,"Ticker
EPAM    218.21
Name: 2026-01-23 00:00:00, dtype: float64","Ticker
    63.54
Name: 2026-01-23 00:00:00, dtype: float64",HOLD
EQT,"Ticker
EQT    55.52
Name: 2026-01-23 00:00:00, dtype: float64","Ticker
    57.5
Name: 2026-01-23 00:00:00, dtype: float64",HOLD
EFX,"Ticker
EFX    209.74
Name: 2026-01-23 00:00:00, dtype: float64","Ticker
    46.64
Name: 2026-01-23 00:00:00, dtype: float64",HOLD
EQIX,"Ticker
EQIX    791.27
Name: 2026-01-23 00:00:00, dtype: float64","Ticker
    60.33
Name: 2026-01-23 00:00:00, dtype: float64",HOLD
EQR,"Ticker
EQR    62.09
Name: 2026-01-23 00:00:00, dtype: float64","Ticker
    50.26
Name: 2026-01-23 00:00:00, dtype: float64",HOLD
ERIE,"Ticker
ERIE    275.85
Name: 2026-01-23 00:00:00, dtype: float64","Ticker
    49.51
Name: 2026-01-23 00:00:00, dtype: float64",HOLD
ESS,"Ticker
ESS    254.08
Name: 2026-01-23 00:00:00, dtype: float64","Ticker
    46.7
Name: 2026-01-23 00:00:00, dtype: float64",HOLD
EL,"Ticker
EL    117.69
Name: 2026-01-23 00:00:00, dtype: float64","Ticker
    69.94
Name: 2026-01-23 00:00:00, dtype: float64",HOLD
EG,"Ticker
EG    323.57
Name: 2026-01-23 00:00:00, dtype: float64","Ticker
    41.18
Name: 2026-01-23 00:00:00, dtype: float64",HOLD
EVRG,"Ticker
EVRG    75.69
Name: 2026-01-23 00:00:00, dtype: float64","Ticker
    65.12
Name: 2026-01-23 00:00:00, dtype: float64",HOLD
ES,"Ticker
ES    69.58
Name: 2026-01-23 00:00:00, dtype: float64","Ticker
    56.37
Name: 2026-01-23 00:00:00, dtype: float64",HOLD
EXC,"Ticker
EXC    44.06
Name: 2026-01-23 00:00:00, dtype: float64","Ticker
    51.25
Name: 2026-01-23 00:00:00, dtype: float64",HOLD
EXE,"Ticker
EXE    109.49
Name: 2026-01-23 00:00:00, dtype: float64","Ticker
    49.45
Name: 2026-01-23 00:00:00, dtype: float64",HOLD
EXPE,"Ticker
EXPE    271.14
Name: 2026-01-23 00:00:00, dtype: float64","Ticker
    43.64
Name: 2026-01-23 00:00:00, dtype: float64",HOLD
EXPD,"Ticker
EXPD    159.21
Name: 2026-01-23 00:00:00, dtype: float64","Ticker
    64.53
Name: 2026-01-23 00:00:00, dtype: float64",HOLD
EXR,"Ticker
EXR    141.52
Name: 2026-01-23 00:00:00, dtype: float64","Ticker
    68.57
Name: 2026-01-23 00:00:00, dtype: float64",HOLD
XOM,"Ticker
XOM    134.97
Name: 2026-01-23 00:00:00, dtype: float64","Ticker
    70.98
Name: 2026-01-23 00:00:00, dtype: float64",HOLD
FFIV,"Ticker
FFIV    259.26
Name: 2026-01-23 00:00:00, dtype: float64","Ticker
    52.56
Name: 2026-01-23 00:00:00, dtype: float64",HOLD
FDS,"Ticker
FDS    286.68
Name: 2026-01-23 00:00:00, dtype: float64","Ticker
    51.69
Name: 2026-01-23 00:00:00, dtype: float64",HOLD
FICO,"Ticker
FICO    1544.69
Name: 2026-01-23 00:00:00, dtype: float64","Ticker
    38.09
Name: 2026-01-23 00:00:00, dtype: float64",HOLD
FAST,"Ticker
FAST    43.89
Name: 2026-01-23 00:00:00, dtype: float64","Ticker
    67.44
Name: 2026-01-23 00:00:00, dtype: float64",HOLD
FRT,"Ticker
FRT    101.77
Name: 2026-01-23 00:00:00, dtype: float64","Ticker
    64.18
Name: 2026-01-23 00:00:00, dtype: float64",HOLD
FDX,"Ticker
FDX    304.21
Name: 2026-01-23 00:00:00, dtype: float64","Ticker
    60.27
Name: 2026-01-23 00:00:00, dtype: float64",HOLD
FIS,"Ticker
FIS    60.5
Name: 2026-01-23 00:00:00, dtype: float64","Ticker
    28.77
Name: 2026-01-23 00:00:00, dtype: float64",HOLD
FITB,"Ticker
FITB    50.74
Name: 2026-01-23 00:00:00, dtype: float64","Ticker
    62.76
Name: 2026-01-23 00:00:00, dtype: float64",HOLD
FSLR,"Ticker
FSLR    242.15
Name: 2026-01-23 00:00:00, dtype: float64","Ticker
    27.73
Name: 2026-01-23 00:00:00, dtype: float64",HOLD
FE,"Ticker
FE    46.56
Name: 2026-01-23 00:00:00, dtype: float64","Ticker
    63.89
Name: 2026-01-23 00:00:00, dtype: float64",HOLD
FISV,"Ticker
FISV    67.56
Name: 2026-01-23 00:00:00, dtype: float64","Ticker
    56.89
Name: 2026-01-23 00:00:00, dtype: float64",HOLD
F,"Ticker
F    13.56
Name: 2026-01-23 00:00:00, dtype: float64","Ticker
    53.67
Name: 2026-01-23 00:00:00, dtype: float64",HOLD
FTNT,"Ticker
FTNT    81.64
Name: 2026-01-23 00:00:00, dtype: float64","Ticker
    62.22
Name: 2026-01-23 00:00:00, dtype: float64",HOLD
FTV,"Ticker
FTV    54.59
Name: 2026-01-23 00:00:00, dtype: float64","Ticker
    47.02
Name: 2026-01-23 00:00:00, dtype: float64",HOLD
FOXA,"Ticker
FOXA    72.88
Name: 2026-01-23 00:00:00, dtype: float64","Ticker
    45.62
Name: 2026-01-23 00:00:00, dtype: float64",HOLD
FOX,"Ticker
FOX    65.53
Name: 2026-01-23 00:00:00, dtype: float64","Ticker
    47.06
Name: 2026-01-23 00:00:00, dtype: float64",HOLD
BEN,"Ticker
BEN    25.31
Name: 2026-01-23 00:00:00, dtype: float64","Ticker
    63.7
Name: 2026-01-23 00:00:00, dtype: float64",HOLD
FCX,"Ticker
FCX    60.41
Name: 2026-01-23 00:00:00, dtype: float64","Ticker
    72.78
Name: 2026-01-23 00:00:00, dtype: float64",HOLD
GRMN,"Ticker
GRMN    206.17
Name: 2026-01-23 00:00:00, dtype: float64","Ticker
    55.15
Name: 2026-01-23 00:00:00, dtype: float64",HOLD
IT,"Ticker
IT    231.76
Name: 2026-01-23 00:00:00, dtype: float64","Ticker
    45.93
Name: 2026-01-23 00:00:00, dtype: float64",HOLD
GE,"Ticker
GE    293.87
Name: 2026-01-23 00:00:00, dtype: float64","Ticker
    35.2
Name: 2026-01-23 00:00:00, dtype: float64",HOLD
GEHC,"Ticker
GEHC    79.77
Name: 2026-01-23 00:00:00, dtype: float64","Ticker
    43.39
Name: 2026-01-23 00:00:00, dtype: float64",HOLD
GEV,"Ticker
GEV    657.78
Name: 2026-01-23 00:00:00, dtype: float64","Ticker
    44.1
Name: 2026-01-23 00:00:00, dtype: float64",HOLD
GEN,"Ticker
GEN    25.41
Name: 2026-01-23 00:00:00, dtype: float64","Ticker
    40.46
Name: 2026-01-23 00:00:00, dtype: float64",HOLD
GNRC,"Ticker
GNRC    173.01
Name: 2026-01-23 00:00:00, dtype: float64","Ticker
    81.06
Name: 2026-01-23 00:00:00, dtype: float64",HOLD
GD,"Ticker
GD    363.27
Name: 2026-01-23 00:00:00, dtype: float64","Ticker
    64.6
Name: 2026-01-23 00:00:00, dtype: float64",HOLD
GIS,"Ticker
GIS    44.56
Name: 2026-01-23 00:00:00, dtype: float64","Ticker
    47.49
Name: 2026-01-23 00:00:00, dtype: float64",HOLD
GM,"Ticker
GM    79.68
Name: 2026-01-23 00:00:00, dtype: float64","Ticker
    46.66
Name: 2026-01-23 00:00:00, dtype: float64",HOLD
GPC,"Ticker
GPC    137.63
Name: 2026-01-23 00:00:00, dtype: float64","Ticker
    73.75
Name: 2026-01-23 00:00:00, dtype: float64",HOLD
GILD,"Ticker
GILD    135.93
Name: 2026-01-23 00:00:00, dtype: float64","Ticker
    69.3
Name: 2026-01-23 00:00:00, dtype: float64",HOLD
GPN,"Ticker
GPN    75.21
Name: 2026-01-23 00:00:00, dtype: float64","Ticker
    49.07
Name: 2026-01-23 00:00:00, dtype: float64",HOLD
GL,"Ticker
GL    136.5
Name: 2026-01-23 00:00:00, dtype: float64","Ticker
    45.55
Name: 2026-01-23 00:00:00, dtype: float64",HOLD
GDDY,"Ticker
GDDY    103.7
Name: 2026-01-23 00:00:00, dtype: float64","Ticker
    16.92
Name: 2026-01-23 00:00:00, dtype: float64",HOLD
GS,"Ticker
GS    918.88
Name: 2026-01-23 00:00:00, dtype: float64","Ticker
    51.05
Name: 2026-01-23 00:00:00, dtype: float64",HOLD
HAL,"Ticker
HAL    33.95
Name: 2026-01-23 00:00:00, dtype: float64","Ticker
    70.05
Name: 2026-01-23 00:00:00, dtype: float64",HOLD
HIG,"Ticker
HIG    128.62
Name: 2026-01-23 00:00:00, dtype: float64","Ticker
    23.88
Name: 2026-01-23 00:00:00, dtype: float64",HOLD
HAS,"Ticker
HAS    88.68
Name: 2026-01-23 00:00:00, dtype: float64","Ticker
    66.12
Name: 2026-01-23 00:00:00, dtype: float64",HOLD
HCA,"Ticker
HCA    470.88
Name: 2026-01-23 00:00:00, dtype: float64","Ticker
    50.31
Name: 2026-01-23 00:00:00, dtype: float64",HOLD
DOC,"Ticker
DOC    18.08
Name: 2026-01-23 00:00:00, dtype: float64","Ticker
    84.39
Name: 2026-01-23 00:00:00, dtype: float64",HOLD
HSIC,"Ticker
HSIC    77.21
Name: 2026-01-23 00:00:00, dtype: float64","Ticker
    51.26
Name: 2026-01-23 00:00:00, dtype: float64",HOLD
HSY,"Ticker
HSY    191.2
Name: 2026-01-23 00:00:00, dtype: float64","Ticker
    61.53
Name: 2026-01-23 00:00:00, dtype: float64",HOLD
HPE,"Ticker
HPE    21.05
Name: 2026-01-23 00:00:00, dtype: float64","Ticker
    22.82
Name: 2026-01-23 00:00:00, dtype: float64",HOLD
HLT,"Ticker
HLT    298.11
Name: 2026-01-23 00:00:00, dtype: float64","Ticker
    55.65
Name: 2026-01-23 00:00:00, dtype: float64",HOLD
HOLX,"Ticker
HOLX    75.05
Name: 2026-01-23 00:00:00, dtype: float64","Ticker
    69.92
Name: 2026-01-23 00:00:00, dtype: float64",HOLD
HD,"Ticker
HD    383.77
Name: 2026-01-23 00:00:00, dtype: float64","Ticker
    78.41
Name: 2026-01-23 00:00:00, dtype: float64",HOLD
HON,"Ticker
HON    221.46
Name: 2026-01-23 00:00:00, dtype: float64","Ticker
    77.07
Name: 2026-01-23 00:00:00, dtype: float64",HOLD
HRL,"Ticker
HRL    24.6
Name: 2026-01-23 00:00:00, dtype: float64","Ticker
    64.6
Name: 2026-01-23 00:00:00, dtype: float64",HOLD
HST,"Ticker
HST    18.7
Name: 2026-01-23 00:00:00, dtype: float64","Ticker
    58.28
Name: 2026-01-23 00:00:00, dtype: float64",HOLD
HWM,"Ticker
HWM    214.89
Name: 2026-01-23 00:00:00, dtype: float64","Ticker
    53.71
Name: 2026-01-23 00:00:00, dtype: float64",HOLD
HPQ,"Ticker
HPQ    19.43
Name: 2026-01-23 00:00:00, dtype: float64","Ticker
    23.26
Name: 2026-01-23 00:00:00, dtype: float64",HOLD
HUBB,"Ticker
HUBB    485.53
Name: 2026-01-23 00:00:00, dtype: float64","Ticker
    61.2
Name: 2026-01-23 00:00:00, dtype: float64",HOLD
HUM,"Ticker
HUM    266.5
Name: 2026-01-23 00:00:00, dtype: float64","Ticker
    51.7
Name: 2026-01-23 00:00:00, dtype: float64",HOLD
HBAN,"Ticker
HBAN    17.35
Name: 2026-01-23 00:00:00, dtype: float64","Ticker
    48.71
Name: 2026-01-23 00:00:00, dtype: float64",HOLD
HII,"Ticker
HII    418.58
Name: 2026-01-23 00:00:00, dtype: float64","Ticker
    78.0
Name: 2026-01-23 00:00:00, dtype: float64",HOLD
IBM,"Ticker
IBM    292.44
Name: 2026-01-23 00:00:00, dtype: float64","Ticker
    50.51
Name: 2026-01-23 00:00:00, dtype: float64",HOLD
IEX,"Ticker
IEX    195.27
Name: 2026-01-23 00:00:00, dtype: float64","Ticker
    71.9
Name: 2026-01-23 00:00:00, dtype: float64",HOLD
IDXX,"Ticker
IDXX    693.85
Name: 2026-01-23 00:00:00, dtype: float64","Ticker
    59.45
Name: 2026-01-23 00:00:00, dtype: float64",HOLD
ITW,"Ticker
ITW    258.26
Name: 2026-01-23 00:00:00, dtype: float64","Ticker
    59.6
Name: 2026-01-23 00:00:00, dtype: float64",HOLD
INCY,"Ticker
INCY    101.99
Name: 2026-01-23 00:00:00, dtype: float64","Ticker
    50.91
Name: 2026-01-23 00:00:00, dtype: float64",HOLD
IR,"Ticker
IR    87.21
Name: 2026-01-23 00:00:00, dtype: float64","Ticker
    65.99
Name: 2026-01-23 00:00:00, dtype: float64",HOLD
PODD,"Ticker
PODD    271.6
Name: 2026-01-23 00:00:00, dtype: float64","Ticker
    41.2
Name: 2026-01-23 00:00:00, dtype: float64",HOLD
INTC,"Ticker
INTC    45.07
Name: 2026-01-23 00:00:00, dtype: float64","Ticker
    58.43
Name: 2026-01-23 00:00:00, dtype: float64",HOLD
IBKR,"Ticker
IBKR    77.58
Name: 2026-01-23 00:00:00, dtype: float64","Ticker
    75.21
Name: 2026-01-23 00:00:00, dtype: float64",HOLD
ICE,"Ticker
ICE    172.93
Name: 2026-01-23 00:00:00, dtype: float64","Ticker
    71.55
Name: 2026-01-23 00:00:00, dtype: float64",HOLD
IFF,"Ticker
IFF    73.23
Name: 2026-01-23 00:00:00, dtype: float64","Ticker
    70.97
Name: 2026-01-23 00:00:00, dtype: float64",HOLD
IP,"Ticker
IP    43.04
Name: 2026-01-23 00:00:00, dtype: float64","Ticker
    60.31
Name: 2026-01-23 00:00:00, dtype: float64",HOLD
INTU,"Ticker
INTU    563.97
Name: 2026-01-23 00:00:00, dtype: float64","Ticker
    32.97
Name: 2026-01-23 00:00:00, dtype: float64",HOLD
ISRG,"Ticker
ISRG    523.99
Name: 2026-01-23 00:00:00, dtype: float64","Ticker
    32.13
Name: 2026-01-23 00:00:00, dtype: float64",HOLD
IVZ,"Ticker
IVZ    28.4
Name: 2026-01-23 00:00:00, dtype: float64","Ticker
    58.75
Name: 2026-01-23 00:00:00, dtype: float64",HOLD
INVH,"Ticker
INVH    27.19
Name: 2026-01-23 00:00:00, dtype: float64","Ticker
    45.68
Name: 2026-01-23 00:00:00, dtype: float64",HOLD
IQV,"Ticker
IQV    235.31
Name: 2026-01-23 00:00:00, dtype: float64","Ticker
    61.11
Name: 2026-01-23 00:00:00, dtype: float64",HOLD
IRM,"Ticker
IRM    93.59
Name: 2026-01-23 00:00:00, dtype: float64","Ticker
    76.94
Name: 2026-01-23 00:00:00, dtype: float64",HOLD
JBHT,"Ticker
JBHT    206.75
Name: 2026-01-23 00:00:00, dtype: float64","Ticker
    66.2
Name: 2026-01-23 00:00:00, dtype: float64",HOLD
JBL,"Ticker
JBL    243.14
Name: 2026-01-23 00:00:00, dtype: float64","Ticker
    51.84
Name: 2026-01-23 00:00:00, dtype: float64",HOLD
JKHY,"Ticker
JKHY    185.11
Name: 2026-01-23 00:00:00, dtype: float64","Ticker
    61.62
Name: 2026-01-23 00:00:00, dtype: float64",HOLD
J,"Ticker
J    137.89
Name: 2026-01-23 00:00:00, dtype: float64","Ticker
    55.4
Name: 2026-01-23 00:00:00, dtype: float64",HOLD
JNJ,"Ticker
JNJ    220.14
Name: 2026-01-23 00:00:00, dtype: float64","Ticker
    72.69
Name: 2026-01-23 00:00:00, dtype: float64",HOLD
JCI,"Ticker
JCI    113.59
Name: 2026-01-23 00:00:00, dtype: float64","Ticker
    25.91
Name: 2026-01-23 00:00:00, dtype: float64",HOLD
JPM,"Ticker
JPM    297.72
Name: 2026-01-23 00:00:00, dtype: float64","Ticker
    29.91
Name: 2026-01-23 00:00:00, dtype: float64",HOLD
KVUE,"Ticker
KVUE    17.8
Name: 2026-01-23 00:00:00, dtype: float64","Ticker
    59.6
Name: 2026-01-23 00:00:00, dtype: float64",HOLD
KDP,"Ticker
KDP    27.76
Name: 2026-01-23 00:00:00, dtype: float64","Ticker
    50.44
Name: 2026-01-23 00:00:00, dtype: float64",HOLD
KEY,"Ticker
KEY    21.1
Name: 2026-01-23 00:00:00, dtype: float64","Ticker
    51.75
Name: 2026-01-23 00:00:00, dtype: float64",HOLD
KEYS,"Ticker
KEYS    212.94
Name: 2026-01-23 00:00:00, dtype: float64","Ticker
    59.66
Name: 2026-01-23 00:00:00, dtype: float64",HOLD
KMB,"Ticker
KMB    102.23
Name: 2026-01-23 00:00:00, dtype: float64","Ticker
    52.68
Name: 2026-01-23 00:00:00, dtype: float64",HOLD
KIM,"Ticker
KIM    20.96
Name: 2026-01-23 00:00:00, dtype: float64","Ticker
    71.84
Name: 2026-01-23 00:00:00, dtype: float64",HOLD
KMI,"Ticker
KMI    29.57
Name: 2026-01-23 00:00:00, dtype: float64","Ticker
    67.88
Name: 2026-01-23 00:00:00, dtype: float64",HOLD
KKR,"Ticker
KKR    121.25
Name: 2026-01-23 00:00:00, dtype: float64","Ticker
    39.43
Name: 2026-01-23 00:00:00, dtype: float64",HOLD
KLAC,"Ticker
KLAC    1512.78
Name: 2026-01-23 00:00:00, dtype: float64","Ticker
    69.96
Name: 2026-01-23 00:00:00, dtype: float64",HOLD
KHC,"Ticker
KHC    23.2
Name: 2026-01-23 00:00:00, dtype: float64","Ticker
    40.0
Name: 2026-01-23 00:00:00, dtype: float64",HOLD
KR,"Ticker
KR    64.25
Name: 2026-01-23 00:00:00, dtype: float64","Ticker
    55.45
Name: 2026-01-23 00:00:00, dtype: float64",HOLD
LHX,"Ticker
LHX    354.73
Name: 2026-01-23 00:00:00, dtype: float64","Ticker
    83.58
Name: 2026-01-23 00:00:00, dtype: float64",HOLD
LH,"Ticker
LH    266.66
Name: 2026-01-23 00:00:00, dtype: float64","Ticker
    65.67
Name: 2026-01-23 00:00:00, dtype: float64",HOLD
LRCX,"Ticker
LRCX    217.94
Name: 2026-01-23 00:00:00, dtype: float64","Ticker
    68.25
Name: 2026-01-23 00:00:00, dtype: float64",HOLD
LW,"Ticker
LW    43.72
Name: 2026-01-23 00:00:00, dtype: float64","Ticker
    58.65
Name: 2026-01-23 00:00:00, dtype: float64",HOLD
LVS,"Ticker
LVS    59.95
Name: 2026-01-23 00:00:00, dtype: float64","Ticker
    28.72
Name: 2026-01-23 00:00:00, dtype: float64",HOLD
LDOS,"Ticker
LDOS    191.23
Name: 2026-01-23 00:00:00, dtype: float64","Ticker
    59.68
Name: 2026-01-23 00:00:00, dtype: float64",HOLD
LEN,"Ticker
LEN    111.84
Name: 2026-01-23 00:00:00, dtype: float64","Ticker
    58.89
Name: 2026-01-23 00:00:00, dtype: float64",HOLD
LII,"Ticker
LII    509.76
Name: 2026-01-23 00:00:00, dtype: float64","Ticker
    54.65
Name: 2026-01-23 00:00:00, dtype: float64",HOLD
LLY,"Ticker
LLY    1064.29
Name: 2026-01-23 00:00:00, dtype: float64","Ticker
    47.26
Name: 2026-01-23 00:00:00, dtype: float64",HOLD
LIN,"Ticker
LIN    451.57
Name: 2026-01-23 00:00:00, dtype: float64","Ticker
    72.25
Name: 2026-01-23 00:00:00, dtype: float64",HOLD
LYV,"Ticker
LYV    146.97
Name: 2026-01-23 00:00:00, dtype: float64","Ticker
    52.76
Name: 2026-01-23 00:00:00, dtype: float64",HOLD
LMT,"Ticker
LMT    590.82
Name: 2026-01-23 00:00:00, dtype: float64","Ticker
    78.76
Name: 2026-01-23 00:00:00, dtype: float64",HOLD
L,"Ticker
L    101.86
Name: 2026-01-23 00:00:00, dtype: float64","Ticker
    30.77
Name: 2026-01-23 00:00:00, dtype: float64",HOLD
LOW,"Ticker
LOW    276.73
Name: 2026-01-23 00:00:00, dtype: float64","Ticker
    76.79
Name: 2026-01-23 00:00:00, dtype: float64",HOLD
LULU,"Ticker
LULU    191.07
Name: 2026-01-23 00:00:00, dtype: float64","Ticker
    34.16
Name: 2026-01-23 00:00:00, dtype: float64",HOLD
LYB,"Ticker
LYB    50.99
Name: 2026-01-23 00:00:00, dtype: float64","Ticker
    68.13
Name: 2026-01-23 00:00:00, dtype: float64",HOLD
MTB,"Ticker
MTB    213.82
Name: 2026-01-23 00:00:00, dtype: float64","Ticker
    64.12
Name: 2026-01-23 00:00:00, dtype: float64",HOLD
MPC,"Ticker
MPC    175.38
Name: 2026-01-23 00:00:00, dtype: float64","Ticker
    63.14
Name: 2026-01-23 00:00:00, dtype: float64",HOLD
MAR,"Ticker
MAR    319.7
Name: 2026-01-23 00:00:00, dtype: float64","Ticker
    55.13
Name: 2026-01-23 00:00:00, dtype: float64",HOLD
MRSH,"Ticker
MRSH    183.16
Name: 2026-01-23 00:00:00, dtype: float64","Ticker
    51.36
Name: 2026-01-23 00:00:00, dtype: float64",HOLD
MLM,"Ticker
MLM    649.48
Name: 2026-01-23 00:00:00, dtype: float64","Ticker
    54.47
Name: 2026-01-23 00:00:00, dtype: float64",HOLD
MAS,"Ticker
MAS    68.73
Name: 2026-01-23 00:00:00, dtype: float64","Ticker
    61.78
Name: 2026-01-23 00:00:00, dtype: float64",HOLD
MA,"Ticker
MA    524.74
Name: 2026-01-23 00:00:00, dtype: float64","Ticker
    28.29
Name: 2026-01-23 00:00:00, dtype: float64",HOLD
MTCH,"Ticker
MTCH    31.08
Name: 2026-01-23 00:00:00, dtype: float64","Ticker
    45.17
Name: 2026-01-23 00:00:00, dtype: float64",HOLD
MKC,"Ticker
MKC    60.79
Name: 2026-01-23 00:00:00, dtype: float64","Ticker
    31.8
Name: 2026-01-23 00:00:00, dtype: float64",HOLD
MCD,"Ticker
MCD    309.25
Name: 2026-01-23 00:00:00, dtype: float64","Ticker
    59.59
Name: 2026-01-23 00:00:00, dtype: float64",HOLD
MCK,"Ticker
MCK    820.23
Name: 2026-01-23 00:00:00, dtype: float64","Ticker
    48.01
Name: 2026-01-23 00:00:00, dtype: float64",HOLD
MDT,"Ticker
MDT    100.88
Name: 2026-01-23 00:00:00, dtype: float64","Ticker
    63.41
Name: 2026-01-23 00:00:00, dtype: float64",HOLD
MRK,"Ticker
MRK    108.18
Name: 2026-01-23 00:00:00, dtype: float64","Ticker
    54.82
Name: 2026-01-23 00:00:00, dtype: float64",HOLD
META,"Ticker
META    658.76
Name: 2026-01-23 00:00:00, dtype: float64","Ticker
    52.86
Name: 2026-01-23 00:00:00, dtype: float64",HOLD
MET,"Ticker
MET    75.81
Name: 2026-01-23 00:00:00, dtype: float64","Ticker
    36.14
Name: 2026-01-23 00:00:00, dtype: float64",HOLD
MTD,"Ticker
MTD    1406.36
Name: 2026-01-23 00:00:00, dtype: float64","Ticker
    49.18
Name: 2026-01-23 00:00:00, dtype: float64",HOLD
MGM,"Ticker
MGM    34.03
Name: 2026-01-23 00:00:00, dtype: float64","Ticker
    36.18
Name: 2026-01-23 00:00:00, dtype: float64",HOLD
MCHP,"Ticker
MCHP    74.71
Name: 2026-01-23 00:00:00, dtype: float64","Ticker
    71.49
Name: 2026-01-23 00:00:00, dtype: float64",HOLD
MU,"Ticker
MU    399.65
Name: 2026-01-23 00:00:00, dtype: float64","Ticker
    78.34
Name: 2026-01-23 00:00:00, dtype: float64",HOLD
MSFT,"Ticker
MSFT    465.95
Name: 2026-01-23 00:00:00, dtype: float64","Ticker
    45.67
Name: 2026-01-23 00:00:00, dtype: float64",HOLD
MAA,"Ticker
MAA    135.79
Name: 2026-01-23 00:00:00, dtype: float64","Ticker
    46.19
Name: 2026-01-23 00:00:00, dtype: float64",HOLD
MRNA,"Ticker
MRNA    48.71
Name: 2026-01-23 00:00:00, dtype: float64","Ticker
    78.25
Name: 2026-01-23 00:00:00, dtype: float64",HOLD
MOH,"Ticker
MOH    201.89
Name: 2026-01-23 00:00:00, dtype: float64","Ticker
    73.04
Name: 2026-01-23 00:00:00, dtype: float64",HOLD
TAP,"Ticker
TAP    49.35
Name: 2026-01-23 00:00:00, dtype: float64","Ticker
    59.37
Name: 2026-01-23 00:00:00, dtype: float64",HOLD
MDLZ,"Ticker
MDLZ    58.4
Name: 2026-01-23 00:00:00, dtype: float64","Ticker
    71.69
Name: 2026-01-23 00:00:00, dtype: float64",HOLD
MPWR,"Ticker
MPWR    1063.74
Name: 2026-01-23 00:00:00, dtype: float64","Ticker
    75.89
Name: 2026-01-23 00:00:00, dtype: float64",HOLD
MNST,"Ticker
MNST    82.0
Name: 2026-01-23 00:00:00, dtype: float64","Ticker
    80.29
Name: 2026-01-23 00:00:00, dtype: float64",HOLD
MCO,"Ticker
MCO    524.04
Name: 2026-01-23 00:00:00, dtype: float64","Ticker
    64.57
Name: 2026-01-23 00:00:00, dtype: float64",HOLD
MS,"Ticker
MS    179.0
Name: 2026-01-23 00:00:00, dtype: float64","Ticker
    46.52
Name: 2026-01-23 00:00:00, dtype: float64",HOLD
MOS,"Ticker
MOS    28.79
Name: 2026-01-23 00:00:00, dtype: float64","Ticker
    73.07
Name: 2026-01-23 00:00:00, dtype: float64",HOLD
MSI,"Ticker
MSI    401.66
Name: 2026-01-23 00:00:00, dtype: float64","Ticker
    69.25
Name: 2026-01-23 00:00:00, dtype: float64",HOLD
MSCI,"Ticker
MSCI    589.76
Name: 2026-01-23 00:00:00, dtype: float64","Ticker
    65.11
Name: 2026-01-23 00:00:00, dtype: float64",HOLD
NDAQ,"Ticker
NDAQ    98.05
Name: 2026-01-23 00:00:00, dtype: float64","Ticker
    54.36
Name: 2026-01-23 00:00:00, dtype: float64",HOLD
NTAP,"Ticker
NTAP    97.42
Name: 2026-01-23 00:00:00, dtype: float64","Ticker
    35.36
Name: 2026-01-23 00:00:00, dtype: float64",HOLD
NFLX,"Ticker
NFLX    86.12
Name: 2026-01-23 00:00:00, dtype: float64","Ticker
    31.2
Name: 2026-01-23 00:00:00, dtype: float64",HOLD
NEM,"Ticker
NEM    124.31
Name: 2026-01-23 00:00:00, dtype: float64","Ticker
    89.93
Name: 2026-01-23 00:00:00, dtype: float64",HOLD
NWSA,"Ticker
NWSA    26.83
Name: 2026-01-23 00:00:00, dtype: float64","Ticker
    62.4
Name: 2026-01-23 00:00:00, dtype: float64",HOLD
NWS,"Ticker
NWS    31.1
Name: 2026-01-23 00:00:00, dtype: float64","Ticker
    74.91
Name: 2026-01-23 00:00:00, dtype: float64",HOLD
NEE,"Ticker
NEE    84.81
Name: 2026-01-23 00:00:00, dtype: float64","Ticker
    68.41
Name: 2026-01-23 00:00:00, dtype: float64",HOLD
NKE,"Ticker
NKE    65.04
Name: 2026-01-23 00:00:00, dtype: float64","Ticker
    56.9
Name: 2026-01-23 00:00:00, dtype: float64",HOLD
NI,"Ticker
NI    43.41
Name: 2026-01-23 00:00:00, dtype: float64","Ticker
    62.68
Name: 2026-01-23 00:00:00, dtype: float64",HOLD
NDSN,"Ticker
NDSN    271.27
Name: 2026-01-23 00:00:00, dtype: float64","Ticker
    82.0
Name: 2026-01-23 00:00:00, dtype: float64",HOLD
NSC,"Ticker
NSC    287.41
Name: 2026-01-23 00:00:00, dtype: float64","Ticker
    49.57
Name: 2026-01-23 00:00:00, dtype: float64",HOLD
NTRS,"Ticker
NTRS    148.63
Name: 2026-01-23 00:00:00, dtype: float64","Ticker
    65.19
Name: 2026-01-23 00:00:00, dtype: float64",HOLD
NOC,"Ticker
NOC    672.95
Name: 2026-01-23 00:00:00, dtype: float64","Ticker
    73.88
Name: 2026-01-23 00:00:00, dtype: float64",HOLD
NCLH,"Ticker
NCLH    20.93
Name: 2026-01-23 00:00:00, dtype: float64","Ticker
    36.92
Name: 2026-01-23 00:00:00, dtype: float64",HOLD
NRG,"Ticker
NRG    149.3
Name: 2026-01-23 00:00:00, dtype: float64","Ticker
    34.23
Name: 2026-01-23 00:00:00, dtype: float64",HOLD
NUE,"Ticker
NUE    181.65
Name: 2026-01-23 00:00:00, dtype: float64","Ticker
    68.62
Name: 2026-01-23 00:00:00, dtype: float64",HOLD
NVDA,"Ticker
NVDA    187.67
Name: 2026-01-23 00:00:00, dtype: float64","Ticker
    48.26
Name: 2026-01-23 00:00:00, dtype: float64",HOLD
NVR,"Ticker
NVR    7645.15
Name: 2026-01-23 00:00:00, dtype: float64","Ticker
    63.29
Name: 2026-01-23 00:00:00, dtype: float64",HOLD
NXPI,"Ticker
NXPI    232.48
Name: 2026-01-23 00:00:00, dtype: float64","Ticker
    59.07
Name: 2026-01-23 00:00:00, dtype: float64",HOLD
ORLY,"Ticker
ORLY    99.23
Name: 2026-01-23 00:00:00, dtype: float64","Ticker
    81.82
Name: 2026-01-23 00:00:00, dtype: float64",HOLD
OXY,"Ticker
OXY    44.1
Name: 2026-01-23 00:00:00, dtype: float64","Ticker
    57.53
Name: 2026-01-23 00:00:00, dtype: float64",HOLD
ODFL,"Ticker
ODFL    174.3
Name: 2026-01-23 00:00:00, dtype: float64","Ticker
    65.14
Name: 2026-01-23 00:00:00, dtype: float64",HOLD
OMC,"Ticker
OMC    79.79
Name: 2026-01-23 00:00:00, dtype: float64","Ticker
    45.57
Name: 2026-01-23 00:00:00, dtype: float64",HOLD
ON,"Ticker
ON    61.98
Name: 2026-01-23 00:00:00, dtype: float64","Ticker
    65.05
Name: 2026-01-23 00:00:00, dtype: float64",HOLD
OKE,"Ticker
OKE    78.0
Name: 2026-01-23 00:00:00, dtype: float64","Ticker
    60.1
Name: 2026-01-23 00:00:00, dtype: float64",HOLD
ORCL,"Ticker
ORCL    177.16
Name: 2026-01-23 00:00:00, dtype: float64","Ticker
    35.57
Name: 2026-01-23 00:00:00, dtype: float64",HOLD
OTIS,"Ticker
OTIS    90.98
Name: 2026-01-23 00:00:00, dtype: float64","Ticker
    61.19
Name: 2026-01-23 00:00:00, dtype: float64",HOLD
PCAR,"Ticker
PCAR    122.0
Name: 2026-01-23 00:00:00, dtype: float64","Ticker
    71.99
Name: 2026-01-23 00:00:00, dtype: float64",HOLD
PKG,"Ticker
PKG    225.39
Name: 2026-01-23 00:00:00, dtype: float64","Ticker
    67.6
Name: 2026-01-23 00:00:00, dtype: float64",HOLD
PLTR,"Ticker
PLTR    169.6
Name: 2026-01-23 00:00:00, dtype: float64","Ticker
    52.2
Name: 2026-01-23 00:00:00, dtype: float64",HOLD
PANW,"Ticker
PANW    180.18
Name: 2026-01-23 00:00:00, dtype: float64","Ticker
    51.19
Name: 2026-01-23 00:00:00, dtype: float64",HOLD
PSKY,"Ticker
PSKY    11.7
Name: 2026-01-23 00:00:00, dtype: float64","Ticker
    15.09
Name: 2026-01-23 00:00:00, dtype: float64",HOLD
PH,"Ticker
PH    927.99
Name: 2026-01-23 00:00:00, dtype: float64","Ticker
    61.52
Name: 2026-01-23 00:00:00, dtype: float64",HOLD
PAYX,"Ticker
PAYX    106.63
Name: 2026-01-23 00:00:00, dtype: float64","Ticker
    43.96
Name: 2026-01-23 00:00:00, dtype: float64",HOLD
PAYC,"Ticker
PAYC    152.29
Name: 2026-01-23 00:00:00, dtype: float64","Ticker
    49.78
Name: 2026-01-23 00:00:00, dtype: float64",HOLD
PYPL,"Ticker
PYPL    56.62
Name: 2026-01-23 00:00:00, dtype: float64","Ticker
    43.39
Name: 2026-01-23 00:00:00, dtype: float64",HOLD
PNR,"Ticker
PNR    107.55
Name: 2026-01-23 00:00:00, dtype: float64","Ticker
    54.4
Name: 2026-01-23 00:00:00, dtype: float64",HOLD
PEP,"Ticker
PEP    144.58
Name: 2026-01-23 00:00:00, dtype: float64","Ticker
    55.93
Name: 2026-01-23 00:00:00, dtype: float64",HOLD
PFE,"Ticker
PFE    25.65
Name: 2026-01-23 00:00:00, dtype: float64","Ticker
    57.61
Name: 2026-01-23 00:00:00, dtype: float64",HOLD
PCG,"Ticker
PCG    14.95
Name: 2026-01-23 00:00:00, dtype: float64","Ticker
    20.54
Name: 2026-01-23 00:00:00, dtype: float64",HOLD
PM,"Ticker
PM    173.02
Name: 2026-01-23 00:00:00, dtype: float64","Ticker
    67.72
Name: 2026-01-23 00:00:00, dtype: float64",HOLD
PSX,"Ticker
PSX    141.54
Name: 2026-01-23 00:00:00, dtype: float64","Ticker
    64.56
Name: 2026-01-23 00:00:00, dtype: float64",HOLD
PNW,"Ticker
PNW    92.17
Name: 2026-01-23 00:00:00, dtype: float64","Ticker
    65.28
Name: 2026-01-23 00:00:00, dtype: float64",HOLD
PNC,"Ticker
PNC    219.39
Name: 2026-01-23 00:00:00, dtype: float64","Ticker
    62.28
Name: 2026-01-23 00:00:00, dtype: float64",HOLD
POOL,"Ticker
POOL    265.02
Name: 2026-01-23 00:00:00, dtype: float64","Ticker
    80.31
Name: 2026-01-23 00:00:00, dtype: float64",HOLD
PPG,"Ticker
PPG    112.29
Name: 2026-01-23 00:00:00, dtype: float64","Ticker
    72.06
Name: 2026-01-23 00:00:00, dtype: float64",HOLD
PPL,"Ticker
PPL    36.21
Name: 2026-01-23 00:00:00, dtype: float64","Ticker
    61.55
Name: 2026-01-23 00:00:00, dtype: float64",HOLD
PFG,"Ticker
PFG    91.21
Name: 2026-01-23 00:00:00, dtype: float64","Ticker
    55.46
Name: 2026-01-23 00:00:00, dtype: float64",HOLD
PG,"Ticker
PG    150.15
Name: 2026-01-23 00:00:00, dtype: float64","Ticker
    69.55
Name: 2026-01-23 00:00:00, dtype: float64",HOLD
PGR,"Ticker
PGR    206.03
Name: 2026-01-23 00:00:00, dtype: float64","Ticker
    41.13
Name: 2026-01-23 00:00:00, dtype: float64",HOLD
PLD,"Ticker
PLD    127.15
Name: 2026-01-23 00:00:00, dtype: float64","Ticker
    44.75
Name: 2026-01-23 00:00:00, dtype: float64",HOLD
PRU,"Ticker
PRU    107.69
Name: 2026-01-23 00:00:00, dtype: float64","Ticker
    35.99
Name: 2026-01-23 00:00:00, dtype: float64",HOLD
PEG,"Ticker
PEG    78.28
Name: 2026-01-23 00:00:00, dtype: float64","Ticker
    32.29
Name: 2026-01-23 00:00:00, dtype: float64",HOLD
PTC,"Ticker
PTC    162.14
Name: 2026-01-23 00:00:00, dtype: float64","Ticker
    34.51
Name: 2026-01-23 00:00:00, dtype: float64",HOLD
PSA,"Ticker
PSA    282.63
Name: 2026-01-23 00:00:00, dtype: float64","Ticker
    69.19
Name: 2026-01-23 00:00:00, dtype: float64",HOLD
PHM,"Ticker
PHM    125.16
Name: 2026-01-23 00:00:00, dtype: float64","Ticker
    57.35
Name: 2026-01-23 00:00:00, dtype: float64",HOLD
PWR,"Ticker
PWR    468.76
Name: 2026-01-23 00:00:00, dtype: float64","Ticker
    62.47
Name: 2026-01-23 00:00:00, dtype: float64",HOLD
QCOM,"Ticker
QCOM    155.82
Name: 2026-01-23 00:00:00, dtype: float64","Ticker
    31.71
Name: 2026-01-23 00:00:00, dtype: float64",HOLD
DGX,"Ticker
DGX    181.02
Name: 2026-01-23 00:00:00, dtype: float64","Ticker
    60.26
Name: 2026-01-23 00:00:00, dtype: float64",HOLD
Q,"Ticker
Q    96.11
Name: 2026-01-23 00:00:00, dtype: float64","Ticker
    66.22
Name: 2026-01-23 00:00:00, dtype: float64",HOLD
RL,"Ticker
RL    367.37
Name: 2026-01-23 00:00:00, dtype: float64","Ticker
    53.64
Name: 2026-01-23 00:00:00, dtype: float64",HOLD
RJF,"Ticker
RJF    169.03
Name: 2026-01-23 00:00:00, dtype: float64","Ticker
    57.54
Name: 2026-01-23 00:00:00, dtype: float64",HOLD
RTX,"Ticker
RTX    195.93
Name: 2026-01-23 00:00:00, dtype: float64","Ticker
    63.44
Name: 2026-01-23 00:00:00, dtype: float64",HOLD
O,"Ticker
O    60.74
Name: 2026-01-23 00:00:00, dtype: float64","Ticker
    75.33
Name: 2026-01-23 00:00:00, dtype: float64",HOLD
REG,"Ticker
REG    71.14
Name: 2026-01-23 00:00:00, dtype: float64","Ticker
    70.21
Name: 2026-01-23 00:00:00, dtype: float64",HOLD
REGN,"Ticker
REGN    753.55
Name: 2026-01-23 00:00:00, dtype: float64","Ticker
    43.14
Name: 2026-01-23 00:00:00, dtype: float64",HOLD
RF,"Ticker
RF    27.48
Name: 2026-01-23 00:00:00, dtype: float64","Ticker
    49.39
Name: 2026-01-23 00:00:00, dtype: float64",HOLD
RSG,"Ticker
RSG    217.61
Name: 2026-01-23 00:00:00, dtype: float64","Ticker
    67.53
Name: 2026-01-23 00:00:00, dtype: float64",HOLD
RMD,"Ticker
RMD    252.38
Name: 2026-01-23 00:00:00, dtype: float64","Ticker
    58.47
Name: 2026-01-23 00:00:00, dtype: float64",HOLD
RVTY,"Ticker
RVTY    116.73
Name: 2026-01-23 00:00:00, dtype: float64","Ticker
    76.5
Name: 2026-01-23 00:00:00, dtype: float64",HOLD
HOOD,"Ticker
HOOD    106.99
Name: 2026-01-23 00:00:00, dtype: float64","Ticker
    38.78
Name: 2026-01-23 00:00:00, dtype: float64",HOLD
ROK,"Ticker
ROK    417.84
Name: 2026-01-23 00:00:00, dtype: float64","Ticker
    60.97
Name: 2026-01-23 00:00:00, dtype: float64",HOLD
ROL,"Ticker
ROL    62.91
Name: 2026-01-23 00:00:00, dtype: float64","Ticker
    89.0
Name: 2026-01-23 00:00:00, dtype: float64",HOLD
ROP,"Ticker
ROP    407.61
Name: 2026-01-23 00:00:00, dtype: float64","Ticker
    23.58
Name: 2026-01-23 00:00:00, dtype: float64",HOLD
ROST,"Ticker
ROST    188.55
Name: 2026-01-23 00:00:00, dtype: float64","Ticker
    60.19
Name: 2026-01-23 00:00:00, dtype: float64",HOLD
RCL,"Ticker
RCL    286.11
Name: 2026-01-23 00:00:00, dtype: float64","Ticker
    51.55
Name: 2026-01-23 00:00:00, dtype: float64",HOLD
SPGI,"Ticker
SPGI    533.61
Name: 2026-01-23 00:00:00, dtype: float64","Ticker
    60.81
Name: 2026-01-23 00:00:00, dtype: float64",HOLD
CRM,"Ticker
CRM    228.05
Name: 2026-01-23 00:00:00, dtype: float64","Ticker
    30.81
Name: 2026-01-23 00:00:00, dtype: float64",HOLD
SNDK,"Ticker
SNDK    473.83
Name: 2026-01-23 00:00:00, dtype: float64","Ticker
    82.86
Name: 2026-01-23 00:00:00, dtype: float64",HOLD
SBAC,"Ticker
SBAC    187.16
Name: 2026-01-23 00:00:00, dtype: float64","Ticker
    42.51
Name: 2026-01-23 00:00:00, dtype: float64",HOLD
SLB,"Ticker
SLB    49.15
Name: 2026-01-23 00:00:00, dtype: float64","Ticker
    82.88
Name: 2026-01-23 00:00:00, dtype: float64",HOLD
STX,"Ticker
STX    346.1
Name: 2026-01-23 00:00:00, dtype: float64","Ticker
    67.2
Name: 2026-01-23 00:00:00, dtype: float64",HOLD
SRE,"Ticker
SRE    85.94
Name: 2026-01-23 00:00:00, dtype: float64","Ticker
    38.81
Name: 2026-01-23 00:00:00, dtype: float64",HOLD
NOW,"Ticker
NOW    133.11
Name: 2026-01-23 00:00:00, dtype: float64","Ticker
    31.4
Name: 2026-01-23 00:00:00, dtype: float64",HOLD
SHW,"Ticker
SHW    348.52
Name: 2026-01-23 00:00:00, dtype: float64","Ticker
    62.62
Name: 2026-01-23 00:00:00, dtype: float64",HOLD
SPG,"Ticker
SPG    184.73
Name: 2026-01-23 00:00:00, dtype: float64","Ticker
    52.16
Name: 2026-01-23 00:00:00, dtype: float64",HOLD
SWKS,"Ticker
SWKS    58.96
Name: 2026-01-23 00:00:00, dtype: float64","Ticker
    34.97
Name: 2026-01-23 00:00:00, dtype: float64",HOLD
SJM,"Ticker
SJM    102.53
Name: 2026-01-23 00:00:00, dtype: float64","Ticker
    65.11
Name: 2026-01-23 00:00:00, dtype: float64",HOLD
SW,"Ticker
SW    43.8
Name: 2026-01-23 00:00:00, dtype: float64","Ticker
    66.83
Name: 2026-01-23 00:00:00, dtype: float64",HOLD
SNA,"Ticker
SNA    369.1
Name: 2026-01-23 00:00:00, dtype: float64","Ticker
    69.3
Name: 2026-01-23 00:00:00, dtype: float64",HOLD
SOLV,"Ticker
SOLV    78.91
Name: 2026-01-23 00:00:00, dtype: float64","Ticker
    49.69
Name: 2026-01-23 00:00:00, dtype: float64",HOLD
SO,"Ticker
SO    87.54
Name: 2026-01-23 00:00:00, dtype: float64","Ticker
    52.28
Name: 2026-01-23 00:00:00, dtype: float64",HOLD
LUV,"Ticker
LUV    41.95
Name: 2026-01-23 00:00:00, dtype: float64","Ticker
    54.13
Name: 2026-01-23 00:00:00, dtype: float64",HOLD
SWK,"Ticker
SWK    82.48
Name: 2026-01-23 00:00:00, dtype: float64","Ticker
    64.74
Name: 2026-01-23 00:00:00, dtype: float64",HOLD
SBUX,"Ticker
SBUX    97.62
Name: 2026-01-23 00:00:00, dtype: float64","Ticker
    82.55
Name: 2026-01-23 00:00:00, dtype: float64",HOLD
STT,"Ticker
STT    126.09
Name: 2026-01-23 00:00:00, dtype: float64","Ticker
    44.77
Name: 2026-01-23 00:00:00, dtype: float64",HOLD
STLD,"Ticker
STLD    181.32
Name: 2026-01-23 00:00:00, dtype: float64","Ticker
    56.93
Name: 2026-01-23 00:00:00, dtype: float64",HOLD
STE,"Ticker
STE    259.52
Name: 2026-01-23 00:00:00, dtype: float64","Ticker
    60.46
Name: 2026-01-23 00:00:00, dtype: float64",HOLD
SYK,"Ticker
SYK    355.04
Name: 2026-01-23 00:00:00, dtype: float64","Ticker
    56.18
Name: 2026-01-23 00:00:00, dtype: float64",HOLD
SMCI,"Ticker
SMCI    31.7
Name: 2026-01-23 00:00:00, dtype: float64","Ticker
    53.21
Name: 2026-01-23 00:00:00, dtype: float64",HOLD
SYF,"Ticker
SYF    76.61
Name: 2026-01-23 00:00:00, dtype: float64","Ticker
    34.11
Name: 2026-01-23 00:00:00, dtype: float64",HOLD
SNPS,"Ticker
SNPS    501.39
Name: 2026-01-23 00:00:00, dtype: float64","Ticker
    57.52
Name: 2026-01-23 00:00:00, dtype: float64",HOLD
SYY,"Ticker
SYY    76.21
Name: 2026-01-23 00:00:00, dtype: float64","Ticker
    64.77
Name: 2026-01-23 00:00:00, dtype: float64",HOLD
TMUS,"Ticker
TMUS    186.03
Name: 2026-01-23 00:00:00, dtype: float64","Ticker
    28.97
Name: 2026-01-23 00:00:00, dtype: float64",HOLD
TROW,"Ticker
TROW    105.63
Name: 2026-01-23 00:00:00, dtype: float64","Ticker
    51.83
Name: 2026-01-23 00:00:00, dtype: float64",HOLD
TTWO,"Ticker
TTWO    245.73
Name: 2026-01-23 00:00:00, dtype: float64","Ticker
    42.25
Name: 2026-01-23 00:00:00, dtype: float64",HOLD
TPR,"Ticker
TPR    130.04
Name: 2026-01-23 00:00:00, dtype: float64","Ticker
    52.05
Name: 2026-01-23 00:00:00, dtype: float64",HOLD
TRGP,"Ticker
TRGP    191.5
Name: 2026-01-23 00:00:00, dtype: float64","Ticker
    56.72
Name: 2026-01-23 00:00:00, dtype: float64",HOLD
TGT,"Ticker
TGT    108.1
Name: 2026-01-23 00:00:00, dtype: float64","Ticker
    68.11
Name: 2026-01-23 00:00:00, dtype: float64",HOLD
TEL,"Ticker
TEL    223.84
Name: 2026-01-23 00:00:00, dtype: float64","Ticker
    37.61
Name: 2026-01-23 00:00:00, dtype: float64",HOLD
TDY,"Ticker
TDY    610.66
Name: 2026-01-23 00:00:00, dtype: float64","Ticker
    81.12
Name: 2026-01-23 00:00:00, dtype: float64",HOLD
TER,"Ticker
TER    229.18
Name: 2026-01-23 00:00:00, dtype: float64","Ticker
    66.5
Name: 2026-01-23 00:00:00, dtype: float64",HOLD
TSLA,"Ticker
TSLA    449.06
Name: 2026-01-23 00:00:00, dtype: float64","Ticker
    54.93
Name: 2026-01-23 00:00:00, dtype: float64",HOLD
TXN,"Ticker
TXN    193.31
Name: 2026-01-23 00:00:00, dtype: float64","Ticker
    66.17
Name: 2026-01-23 00:00:00, dtype: float64",HOLD
TPL,"Ticker
TPL    346.94
Name: 2026-01-23 00:00:00, dtype: float64","Ticker
    73.14
Name: 2026-01-23 00:00:00, dtype: float64",HOLD
TXT,"Ticker
TXT    95.0
Name: 2026-01-23 00:00:00, dtype: float64","Ticker
    72.05
Name: 2026-01-23 00:00:00, dtype: float64",HOLD
TMO,"Ticker
TMO    625.98
Name: 2026-01-23 00:00:00, dtype: float64","Ticker
    63.47
Name: 2026-01-23 00:00:00, dtype: float64",HOLD
TJX,"Ticker
TJX    153.24
Name: 2026-01-23 00:00:00, dtype: float64","Ticker
    46.84
Name: 2026-01-23 00:00:00, dtype: float64",HOLD
TKO,"Ticker
TKO    204.91
Name: 2026-01-23 00:00:00, dtype: float64","Ticker
    47.14
Name: 2026-01-23 00:00:00, dtype: float64",HOLD
TTD,"Ticker
TTD    36.55
Name: 2026-01-23 00:00:00, dtype: float64","Ticker
    45.22
Name: 2026-01-23 00:00:00, dtype: float64",HOLD
TSCO,"Ticker
TSCO    54.69
Name: 2026-01-23 00:00:00, dtype: float64","Ticker
    68.38
Name: 2026-01-23 00:00:00, dtype: float64",HOLD
TT,"Ticker
TT    386.22
Name: 2026-01-23 00:00:00, dtype: float64","Ticker
    40.86
Name: 2026-01-23 00:00:00, dtype: float64",HOLD
TDG,"Ticker
TDG    1419.19
Name: 2026-01-23 00:00:00, dtype: float64","Ticker
    68.83
Name: 2026-01-23 00:00:00, dtype: float64",HOLD
TRV,"Ticker
TRV    277.72
Name: 2026-01-23 00:00:00, dtype: float64","Ticker
    39.56
Name: 2026-01-23 00:00:00, dtype: float64",HOLD
TRMB,"Ticker
TRMB    71.19
Name: 2026-01-23 00:00:00, dtype: float64","Ticker
    32.1
Name: 2026-01-23 00:00:00, dtype: float64",HOLD
TFC,"Ticker
TFC    49.57
Name: 2026-01-23 00:00:00, dtype: float64","Ticker
    48.83
Name: 2026-01-23 00:00:00, dtype: float64",HOLD
TYL,"Ticker
TYL    434.76
Name: 2026-01-23 00:00:00, dtype: float64","Ticker
    49.32
Name: 2026-01-23 00:00:00, dtype: float64",HOLD
TSN,"Ticker
TSN    61.66
Name: 2026-01-23 00:00:00, dtype: float64","Ticker
    67.54
Name: 2026-01-23 00:00:00, dtype: float64",HOLD
USB,"Ticker
USB    55.47
Name: 2026-01-23 00:00:00, dtype: float64","Ticker
    58.12
Name: 2026-01-23 00:00:00, dtype: float64",HOLD
UBER,"Ticker
UBER    82.31
Name: 2026-01-23 00:00:00, dtype: float64","Ticker
    48.45
Name: 2026-01-23 00:00:00, dtype: float64",HOLD
UDR,"Ticker
UDR    37.72
Name: 2026-01-23 00:00:00, dtype: float64","Ticker
    62.43
Name: 2026-01-23 00:00:00, dtype: float64",HOLD
ULTA,"Ticker
ULTA    686.12
Name: 2026-01-23 00:00:00, dtype: float64","Ticker
    89.17
Name: 2026-01-23 00:00:00, dtype: float64",HOLD
UNP,"Ticker
UNP    229.65
Name: 2026-01-23 00:00:00, dtype: float64","Ticker
    47.47
Name: 2026-01-23 00:00:00, dtype: float64",HOLD
UAL,"Ticker
UAL    107.74
Name: 2026-01-23 00:00:00, dtype: float64","Ticker
    42.09
Name: 2026-01-23 00:00:00, dtype: float64",HOLD
UPS,"Ticker
UPS    107.98
Name: 2026-01-23 00:00:00, dtype: float64","Ticker
    70.81
Name: 2026-01-23 00:00:00, dtype: float64",HOLD
URI,"Ticker
URI    919.03
Name: 2026-01-23 00:00:00, dtype: float64","Ticker
    63.97
Name: 2026-01-23 00:00:00, dtype: float64",HOLD
UNH,"Ticker
UNH    356.26
Name: 2026-01-23 00:00:00, dtype: float64","Ticker
    63.05
Name: 2026-01-23 00:00:00, dtype: float64",HOLD
UHS,"Ticker
UHS    205.09
Name: 2026-01-23 00:00:00, dtype: float64","Ticker
    34.56
Name: 2026-01-23 00:00:00, dtype: float64",HOLD
VLO,"Ticker
VLO    187.09
Name: 2026-01-23 00:00:00, dtype: float64","Ticker
    68.62
Name: 2026-01-23 00:00:00, dtype: float64",HOLD
VTR,"Ticker
VTR    76.99
Name: 2026-01-23 00:00:00, dtype: float64","Ticker
    47.95
Name: 2026-01-23 00:00:00, dtype: float64",HOLD
VLTO,"Ticker
VLTO    101.31
Name: 2026-01-23 00:00:00, dtype: float64","Ticker
    63.95
Name: 2026-01-23 00:00:00, dtype: float64",HOLD
VRSN,"Ticker
VRSN    250.6
Name: 2026-01-23 00:00:00, dtype: float64","Ticker
    66.85
Name: 2026-01-23 00:00:00, dtype: float64",HOLD
VRSK,"Ticker
VRSK    218.04
Name: 2026-01-23 00:00:00, dtype: float64","Ticker
    43.38
Name: 2026-01-23 00:00:00, dtype: float64",HOLD
VZ,"Ticker
VZ    39.52
Name: 2026-01-23 00:00:00, dtype: float64","Ticker
    46.42
Name: 2026-01-23 00:00:00, dtype: float64",HOLD
VRTX,"Ticker
VRTX    468.41
Name: 2026-01-23 00:00:00, dtype: float64","Ticker
    57.18
Name: 2026-01-23 00:00:00, dtype: float64",HOLD
VTRS,"Ticker
VTRS    13.21
Name: 2026-01-23 00:00:00, dtype: float64","Ticker
    64.37
Name: 2026-01-23 00:00:00, dtype: float64",HOLD
VICI,"Ticker
VICI    28.54
Name: 2026-01-23 00:00:00, dtype: float64","Ticker
    55.56
Name: 2026-01-23 00:00:00, dtype: float64",HOLD
V,"Ticker
V    326.18
Name: 2026-01-23 00:00:00, dtype: float64","Ticker
    28.99
Name: 2026-01-23 00:00:00, dtype: float64",HOLD
VST,"Ticker
VST    160.12
Name: 2026-01-23 00:00:00, dtype: float64","Ticker
    47.22
Name: 2026-01-23 00:00:00, dtype: float64",HOLD
VMC,"Ticker
VMC    300.07
Name: 2026-01-23 00:00:00, dtype: float64","Ticker
    54.75
Name: 2026-01-23 00:00:00, dtype: float64",HOLD
WRB,"Ticker
WRB    67.12
Name: 2026-01-23 00:00:00, dtype: float64","Ticker
    40.12
Name: 2026-01-23 00:00:00, dtype: float64",HOLD
GWW,"Ticker
GWW    1057.86
Name: 2026-01-23 00:00:00, dtype: float64","Ticker
    63.78
Name: 2026-01-23 00:00:00, dtype: float64",HOLD
WAB,"Ticker
WAB    230.11
Name: 2026-01-23 00:00:00, dtype: float64","Ticker
    69.67
Name: 2026-01-23 00:00:00, dtype: float64",HOLD
WMT,"Ticker
WMT    117.73
Name: 2026-01-23 00:00:00, dtype: float64","Ticker
    65.66
Name: 2026-01-23 00:00:00, dtype: float64",HOLD
DIS,"Ticker
DIS    110.98
Name: 2026-01-23 00:00:00, dtype: float64","Ticker
    47.76
Name: 2026-01-23 00:00:00, dtype: float64",HOLD
WBD,"Ticker
WBD    28.58
Name: 2026-01-23 00:00:00, dtype: float64","Ticker
    51.01
Name: 2026-01-23 00:00:00, dtype: float64",HOLD
WM,"Ticker
WM    229.23
Name: 2026-01-23 00:00:00, dtype: float64","Ticker
    69.89
Name: 2026-01-23 00:00:00, dtype: float64",HOLD
WAT,"Ticker
WAT    392.31
Name: 2026-01-23 00:00:00, dtype: float64","Ticker
    58.14
Name: 2026-01-23 00:00:00, dtype: float64",HOLD
WEC,"Ticker
WEC    109.1
Name: 2026-01-23 00:00:00, dtype: float64","Ticker
    65.34
Name: 2026-01-23 00:00:00, dtype: float64",HOLD
WFC,"Ticker
WFC    86.96
Name: 2026-01-23 00:00:00, dtype: float64","Ticker
    26.83
Name: 2026-01-23 00:00:00, dtype: float64",HOLD
WELL,"Ticker
WELL    183.68
Name: 2026-01-23 00:00:00, dtype: float64","Ticker
    42.43
Name: 2026-01-23 00:00:00, dtype: float64",HOLD
WST,"Ticker
WST    236.66
Name: 2026-01-23 00:00:00, dtype: float64","Ticker
    23.02
Name: 2026-01-23 00:00:00, dtype: float64",HOLD
WDC,"Ticker
WDC    236.39
Name: 2026-01-23 00:00:00, dtype: float64","Ticker
    69.16
Name: 2026-01-23 00:00:00, dtype: float64",HOLD
WY,"Ticker
WY    26.67
Name: 2026-01-23 00:00:00, dtype: float64","Ticker
    71.64
Name: 2026-01-23 00:00:00, dtype: float64",HOLD
WSM,"Ticker
WSM    204.5
Name: 2026-01-23 00:00:00, dtype: float64","Ticker
    63.53
Name: 2026-01-23 00:00:00, dtype: float64",HOLD
WMB,"Ticker
WMB    64.96
Name: 2026-01-23 00:00:00, dtype: float64","Ticker
    67.82
Name: 2026-01-23 00:00:00, dtype: float64",HOLD
WTW,"Ticker
WTW    322.81
Name: 2026-01-23 00:00:00, dtype: float64","Ticker
    45.47
Name: 2026-01-23 00:00:00, dtype: float64",HOLD
WDAY,"Ticker
WDAY    189.26
Name: 2026-01-23 00:00:00, dtype: float64","Ticker
    29.94
Name: 2026-01-23 00:00:00, dtype: float64",HOLD
WYNN,"Ticker
WYNN    113.55
Name: 2026-01-23 00:00:00, dtype: float64","Ticker
    31.22
Name: 2026-01-23 00:00:00, dtype: float64",HOLD
XEL,"Ticker
XEL    75.01
Name: 2026-01-23 00:00:00, dtype: float64","Ticker
    51.8
Name: 2026-01-23 00:00:00, dtype: float64",HOLD
XYL,"Ticker
XYL    141.23
Name: 2026-01-23 00:00:00, dtype: float64","Ticker
    56.97
Name: 2026-01-23 00:00:00, dtype: float64",HOLD
YUM,"Ticker
YUM    152.97
Name: 2026-01-23 00:00:00, dtype: float64","Ticker
    55.08
Name: 2026-01-23 00:00:00, dtype: float64",HOLD
ZBRA,"Ticker
ZBRA    240.54
Name: 2026-01-23 00:00:00, dtype: float64","Ticker
    45.13
Name: 2026-01-23 00:00:00, dtype: float64",HOLD
ZBH,"Ticker
ZBH    86.6
Name: 2026-01-23 00:00:00, dtype: float64","Ticker
    41.22
Name: 2026-01-23 00:00:00, dtype: float64",HOLD
ZTS,"Ticker
ZTS    124.05
Name: 2026-01-23 00:00:00, dtype: float64","Ticker
    46.14
Name: 2026-01-23 00:00:00, dtype: float64",HOLD
